Name,Email,Phone,Job
Mrs. Lisa Miller,karen47@gmail.com,520.829.1451,Jewellery designer
Andre Stevens,john97@yahoo.com,624-722-3646x114,Optometrist
Clinton Smith MD,patricia49@hotmail.com,(801)397-6753x6575,Ranger/warden
Kiara Roman,bsummers@hotmail.com,440.620.1068x9090,Estate manager/land agent
Wendy Brewer,spencerjodi@yahoo.com,5273480266,Community pharmacist
William Schmidt,dennisward@hotmail.com,001-775-222-7024x82896,Chartered management accountant
Lisa Figueroa,brennanemily@gmail.com,675-961-1262,Meteorologist
Zachary Lee,kristin06@hotmail.com,+1-720-319-2377x20981,"Journalist, broadcasting"
Raymond Young,lwatts@hotmail.com,(998)482-8805x98481,Corporate treasurer
Ashlee Harris,wdean@yahoo.com,(398)401-0669x76298,Air broker
Mrs. Deanna Hernandez,imurphy@gmail.com,202.707.6618x70880,Clinical research associate
Todd Jones,meyersteresa@yahoo.com,642-826-4577x2485,"Scientist, water quality"
Cindy Fisher,balltanner@yahoo.com,(436)820-6094x86323,Product designer
Zachary Roberts,sharon22@yahoo.com,633.367.2515,Financial planner
Cindy Jackson,daltonmartinez@hotmail.com,684.892.4487,Educational psychologist
Molly Burke,andrew22@yahoo.com,375.297.8142,Probation officer
Lee King,barryangelica@hotmail.com,941-997-1648x85078,"Scientist, research (life sciences)"
Gregory Suarez,michelemiller@gmail.com,287-303-1800x171,Mudlogger
Rodney Anderson,edward52@hotmail.com,001-715-518-5611x92800,Youth worker
John Kennedy,vreed@hotmail.com,214-926-5836,"Surveyor, hydrographic"
Michelle Huff,hthompson@yahoo.com,001-607-883-3130,Technical brewer
Tiffany Stuart,brownrobert@yahoo.com,927-710-3854x8450,Contractor
Cassandra Jenkins,perrymario@gmail.com,+1-695-580-0569x8069,"Education officer, community"
Christopher Flores,crystalguerrero@yahoo.com,663-486-8219x4905,Corporate treasurer
Stacy Edwards,andrewlutz@yahoo.com,(763)702-5904x5071,Museum/gallery curator
Anna Delgado,josephpadilla@gmail.com,307.410.7875x174,Insurance account manager
Kelly Lee,zbowen@yahoo.com,950-942-5012x16146,"Engineer, control and instrumentation"
Melissa Wade,kristin07@gmail.com,813-522-9038x144,Fisheries officer
Douglas Rojas,robertsmike@gmail.com,928.435.3283x2000,Software engineer
Kim Mullins,nmacdonald@hotmail.com,(774)571-9427x441,"Engineer, agricultural"
Tricia Chambers,margaretschneider@yahoo.com,862-552-9791x80239,Dentist
Matthew West,joelzhang@yahoo.com,(623)212-3013,"Teacher, special educational needs"
Jennifer Hensley,raybrianna@yahoo.com,(850)664-5244,Writer
Alison Harper,loganclarke@yahoo.com,(424)328-5648,Biomedical scientist
Jacob Lopez,mrodriguez@hotmail.com,+1-230-272-7003x80449,Environmental manager
Michael Hicks,johnsonbobby@yahoo.com,(983)601-3553x79638,TEFL teacher
Jay Evans,lori53@gmail.com,703-676-9252,"Designer, graphic"
Kelly Hernandez,nicole27@gmail.com,+1-555-375-7145,Psychotherapist
Thomas Washington,hamiltonbarry@gmail.com,377-251-5551x199,"Engineer, agricultural"
Mary Rose,thomas11@gmail.com,+1-765-569-4014x9646,"Surveyor, land/geomatics"
Noah Edwards,sean89@yahoo.com,001-934-728-4754,Retail buyer
Thomas Castillo,mcdonaldjavier@yahoo.com,543-290-2721,Systems developer
Tammy Shannon,martinthomas@gmail.com,709-405-8154x17489,Merchant navy officer
Steven Simmons,william77@gmail.com,001-228-251-7051x543,Drilling engineer
Todd Wilson,jesse86@hotmail.com,544.497.0493x26637,"Research officer, political party"
Vanessa Grimes,zacharycook@hotmail.com,(240)602-7072,Operational investment banker
James Bailey,vwilson@hotmail.com,934-308-7389x63777,Soil scientist
Angel Wilcox,jose36@hotmail.com,001-627-764-3722x5224,Hydrographic surveyor
Judith Baker,bryan55@gmail.com,(985)799-5865x242,Computer games developer
Omar Kelley,melissa26@gmail.com,+1-504-224-0615x2558,Regulatory affairs officer
Alice Luna,greensarah@yahoo.com,873-381-4337,"Teacher, primary school"
Kenneth Johnson,williamcrawford@hotmail.com,+1-748-981-8614x103,Chiropodist
Christopher Davies,andrew66@gmail.com,(674)787-9720,"Scientist, physiological"
Michael Morrison,rodriguezamanda@hotmail.com,697-725-7712x459,"Buyer, retail"
Stephanie Davis,tara75@hotmail.com,(430)938-7083x70946,Heritage manager
Susan Wallace,kchavez@gmail.com,+1-456-743-2853x2172,Sales executive
Yvette Hernandez,batkinson@gmail.com,001-742-289-2296,Recycling officer
Christine Cisneros,marquezchristina@hotmail.com,823-468-7806x131,Recruitment consultant
Jennifer Suarez,walkerthomas@gmail.com,436-623-9652,Volunteer coordinator
Lindsey Thomas,rogersjon@yahoo.com,(789)366-7961x0553,Education administrator
Pamela Chandler,aprilstevenson@hotmail.com,+1-525-825-7929x34233,Orthoptist
Jennifer Torres,jillquinn@gmail.com,(392)667-1879,Commissioning editor
Miss Theresa York,dsanders@gmail.com,587-813-1448x66938,Radiation protection practitioner
John Kramer,audrey67@hotmail.com,+1-791-574-7316x4947,"Scientist, clinical (histocompatibility and immunogenetics)"
Robert Stone,melissa25@yahoo.com,+1-579-483-1178x82923,"Teacher, adult education"
Felicia Madden,wtucker@yahoo.com,367-734-1382x363,"Physicist, medical"
Jennifer Hale,thomas89@gmail.com,001-268-719-4868,Cabin crew
Michael Johnson,dwilliams@hotmail.com,+1-221-580-5956x83880,"Sales professional, IT"
Benjamin Reynolds,evansbryan@yahoo.com,592.801.7837,"Solicitor, Scotland"
Alisha Sullivan,jessebrown@yahoo.com,(916)971-2660x13159,Armed forces operational officer
Tiffany Fuller,lewisdavid@gmail.com,+1-925-611-6651x56244,"Accountant, chartered management"
Emily Lester,kingsara@hotmail.com,(680)405-7158x9500,Animal technologist
Joann Blair,juanmitchell@gmail.com,7108472237,Field seismologist
Steven Flowers,reidchelsea@gmail.com,460-729-4107x256,Communications engineer
Ricky Brennan,michael47@hotmail.com,(523)770-4653x3426,Veterinary surgeon
Kenneth Zuniga,emilymcdaniel@hotmail.com,+1-592-609-3064x6151,"Horticulturist, amenity"
Katrina Peters,martha92@hotmail.com,411.553.0422x08159,Tax adviser
Scott Daniels,ianderson@hotmail.com,(720)452-5925,Special educational needs teacher
Sean Ryan,lewislindsey@gmail.com,5616098282,Industrial/product designer
Jennifer Dominguez,rschneider@gmail.com,939.908.2662x3488,Commercial/residential surveyor
Lauren Phillips,jonesmary@gmail.com,+1-805-892-2681x5211,Careers information officer
Lindsey Gray,lsullivan@yahoo.com,(571)370-0131x032,"Designer, furniture"
William Golden,cole32@hotmail.com,541.520.9900x4360,"Scientist, water quality"
Sean Owens,destiny06@hotmail.com,283-554-6350,Applications developer
Laura Porter,jonesjoshua@gmail.com,321-710-5382,Rural practice surveyor
Anthony Gibson,mcclurealyssa@hotmail.com,001-428-515-7912x0928,"Surveyor, building"
Miss Nicole Williams,qbryant@hotmail.com,(413)580-3459x7306,"Horticulturist, commercial"
Richard Jones,anngarcia@gmail.com,+1-839-523-7908x0213,Therapeutic radiographer
Debra Scott,matthewmanning@gmail.com,900.942.4334,Commercial art gallery manager
Michael Heath,pfernandez@gmail.com,(779)309-2165x56033,Operational investment banker
Cynthia Moody,julielittle@hotmail.com,315-531-1514x77838,Magazine features editor
Ricky Cruz,mendezmichelle@hotmail.com,(453)718-2279,Futures trader
Ryan Ramos,robinsonsusan@hotmail.com,(475)236-2886,Manufacturing systems engineer
Matthew Cook,cmarshall@yahoo.com,873-595-4231x1808,Commissioning editor
Laura Reynolds,juliesmith@gmail.com,256.925.7852,Trade union research officer
William Hudson,howardclinton@yahoo.com,365.808.0808,Occupational therapist
Crystal Bender,stevenhardin@yahoo.com,664-564-0188x670,Software engineer
Brittany Riley,bking@hotmail.com,749.675.6364,Lexicographer
Rebecca Sellers,john40@hotmail.com,9503597401,Hospital doctor
Shannon Brock,jacobsellers@gmail.com,001-905-674-7581x972,"Scientist, product/process development"
